Unidade da Federação,2008/Jan,2008/Fev,2008/Mar,2008/Abr,2008/Mai,2008/Jun,2008/Jul,2008/Ago,2008/Set,2008/Out,2008/Nov,2008/Dez,2009/Jan,2009/Fev,2009/Mar,2009/Abr,2009/Mai,2009/Jun,2009/Jul,2009/Ago,2009/Set,2009/Out,2009/Nov,2009/Dez,2010/Jan,2010/Fev,2010/Mar,2010/Abr,2010/Mai,2010/Jun,2010/Jul,2010/Ago,2010/Set,2010/Out,2010/Nov,2010/Dez,2011/Jan,2011/Fev,2011/Mar,2011/Abr,2011/Mai,2011/Jun,2011/Jul,2011/Ago,2011/Set,2011/Out,2011/Nov,2011/Dez,2012/Jan,2012/Fev,2012/Mar,2012/Abr,2012/Mai,2012/Jun,2012/Jul,2012/Ago,2012/Set,2012/Out,2012/Nov,2012/Dez,2013/Jan,2013/Fev,2013/Mar,2013/Abr,2013/Mai,2013/Jun,2013/Jul,2013/Ago,2013/Set,2013/Out,2013/Nov,2013/Dez,2014/Jan,2014/Fev,2014/Mar,2014/Abr,2014/Mai,2014/Jun,2014/Jul,2014/Ago,2014/Set,2014/Out,2014/Nov,2014/Dez,2015/Jan,2015/Fev,2015/Mar,2015/Abr,2015/Mai,2015/Jun,2015/Jul,2015/Ago,2015/Set,2015/Out,2015/Nov,2015/Dez,2016/Jan,2016/Fev,2016/Mar,2016/Abr,2016/Mai,2016/Jun,2016/Jul,2016/Ago,2016/Set,2016/Out,2016/Nov,2016/Dez,2017/Jan,2017/Fev,2017/Mar,2017/Abr,2017/Mai,2017/Jun,2017/Jul,2017/Ago,2017/Set,2017/Out,2017/Nov,2017/Dez,2018/Jan,2018/Fev,2018/Mar,2018/Abr,2018/Mai,2018/Jun,2018/Jul,2018/Ago,2018/Set,2018/Out,2018/Nov,2018/Dez,2019/Jan,2019/Fev,2019/Mar,2019/Abr,2019/Mai,2019/Jun,2019/Jul,2019/Ago,2019/Set,2019/Out,2019/Nov,2019/Dez,2020/Jan,2020/Fev,2020/Mar,2020/Abr,2020/Mai,2020/Jun,2020/Jul,2020/Ago,2020/Set,2020/Out,2020/Nov,2020/Dez,2021/Jan,2021/Fev,2021/Mar,2021/Abr,2021/Mai,2021/Jun,2021/Jul,2021/Ago,2021/Set,2021/Out,2021/Nov,2021/Dez,2022/Jan,2022/Fev,2022/Mar,2022/Abr,2022/Mai,2022/Jun,2022/Jul,2022/Ago,2022/Set,2022/Out,2022/Nov,2022/Dez,2023/Jan,2023/Fev,2023/Mar,2023/Abr,2023/Mai,2023/Jun,2023/Jul,2023/Ago
35 São Paulo,91.67847348000001,148.67752682,156.08726922999998,161.22712543,187.11939764,187.29112607,194.39839948,184.85451634999998,188.63635955,179.706467,167.99035253,191.85731783,182.79719434999998,186.85529481999998,212.77785948,203.18611400999998,217.04053169999997,217.19524991,220.76115751,232.53672014,220.29297366,221.98795133000002,220.1174809,209.0944054,214.56577466,203.11617318999998,227.24838006000002,231.54359866,230.18880342,226.02107213999997,229.66264334000002,234.53061812,233.45345342,221.12711941999999,239.79004549,236.92914468,227.53333727,231.06220694,241.94746216,236.44341678,244.46465796,234.1794053,250.90014356,245.43315622999998,245.47747267,244.20432499,244.07412917,242.36497983,235.83996805,230.71605424,249.73396244,240.38016602000002,253.23591628,241.12590813999998,250.4330884,259.62768085,246.70009016999998,250.01566422,243.22892976,227.46119324,247.84871572999998,241.9537329,247.86586202,266.01547279,270.78316981,259.41740652,268.76529472000004,279.84202594,272.32427888,278.88185529000003,256.75283037,246.88113419,265.70930606,255.68190891999998,259.59710391,266.47498523,278.06899758,271.41766279,290.42094886,291.00994202,278.61148520999996,279.89080412,268.99997541000005,262.12568041,269.01843046,253.47643409,278.01632066,274.32533551999995,279.33405666000004,279.84462327999995,285.37092013,283.869182,278.32324775,272.98613682999996,261.80599629,268.85110912,257.98881437,261.13286595,276.56789305,273.41222888,276.00634857,288.61607772,289.93969269999997,285.5043735,280.62565152999997,271.08091737,270.45904205,273.72226798,265.66760228,253.80403003,284.40544335000004,267.26097412,296.85109299,270.59641247,297.88136174,297.3093459,280.81375304,285.74059374,280.76883563,280.08050010000005,279.20378281,269.52484481,286.77573392,289.71179116,293.10428174000003,287.92214867,291.52492205,298.70220456,282.73908675999996,295.67165907,283.94781542000004,283.1790408,298.18005665,279.42720424000004,288.81939639,297.83467024000004,303.88904922,293.5877095,305.0338428,313.86871255,298.54786827,310.847061,292.85169872,284.74977051999997,304.51171933999996,288.87227389,297.3596797,251.331659,272.49337335,306.78176076,367.67219786000004,350.13545822000003,354.16525171,345.96109512,335.88067124,331.04371753,356.93391283999995,351.29122512,408.73246893,478.2917665,514.25690528,527.43929173,520.5714251,466.4200096,401.47477191,359.86504338,343.77927762,338.60776296,342.12368908999997,337.66804747000003,346.40768962,331.96276525,336.74753064,326.46014682,361.46829074,363.32726708999996,366.90578958,370.18356225,356.5429244,351.26536719,356.6262787,335.62983189,377.85840591000004,354.16046956,365.197239,387.46624101,384.88269914,400.54755364
31 Minas Gerais,45.67165976,70.19403709999999,79.23133695,77.13653758,80.55444063,94.75852283,85.36006411,84.72252809999999,84.60175795,85.55978945999999,78.32994711,86.91774155,91.37430525,90.15367261,95.29059154000001,94.09121177,99.07684409999999,96.18918242000001,102.75435458,100.08006268000001,96.91107538,97.95644066,100.72627956000001,95.35439087,99.01764665,91.51936096,101.60209109,102.02085418,103.34651908,102.48925742,104.42765572,104.33453258,102.05742134,102.29649662,104.62473926999999,106.02953634,102.84890627,103.09709031999999,107.14889931,109.39595679,110.96359817,108.79803284,116.88281672,115.8195748,113.94191709,112.26670340999999,110.32010512000001,110.24740376999999,112.99903401,105.36589859,119.32055756999999,111.50809776,121.91615151,118.6209769,121.07190091,122.66087669,119.91276726000001,121.32910034999999,113.62925971,114.18046013,119.84149771,112.61068551999999,121.48368365,124.22369786,127.14929072,126.77800257999999,133.37128756,131.60992958,128.7820176,135.02774221,130.06509745,127.03034034000001,136.49378375999999,129.56705645,134.32794858000003,128.63929594,150.03140109999998,136.12807687,143.61229168,141.14414069999998,140.83537794,143.61171715999998,142.98281959,131.46675703,135.05658303,133.80397556,138.61770125,140.00598133000003,144.74891083,144.90353807,144.89320549,138.30990527,144.31982580000002,137.8033354,136.74075797,135.73588304,133.99019349,129.42738101,141.28562703999998,135.37067613999997,139.13954495,145.84398935,141.6227249,142.81072959,138.55765519,132.90550936,133.81159309999998,143.17436393,139.00044694,131.30632684,145.82066537,135.72087919,147.51645071000002,143.28410388,146.84963628999998,152.64570334,144.48857405,143.93947231,145.12333934,142.84856553,143.15848697,136.70514341,149.82996856,149.89450375,151.54689783,151.51420161000001,156.68021893,154.28149501,153.86788829,151.22831867,144.86765644,146.71534661,154.06664981,147.9688528,153.45979069,156.7774954,162.96301415,154.83008649,166.20747107,164.28707169999998,156.56788287999998,165.12078019,153.00637154,153.90164372,159.28045389,150.23712146,142.89733308,133.41670294,133.52047753,139.95301564,165.96223941,171.27271804,175.36240159,178.23645029,175.34216058,174.88772308,185.69608575,189.11738031000002,214.17500028,243.30833831,254.11540221,268.78773744,261.66346973,245.94854422999998,213.19653953,196.44257102,189.69262418,185.05257052000002,181.39102177,186.28994014,191.74270712,184.24936064,192.73303307,185.57772384999998,196.91518341999998,207.9352401,199.76197638999997,197.70546134,194.51817218,207.42164511000001,194.61773994,179.42459062,211.80336749,197.3156045,210.62926912999998,215.24331019,217.54515199000002,220.78883931000001
41 Paraná,38.26634746,55.38467052,53.80131885,52.460306689999996,54.419620710000004,57.811688479999994,58.09424183,56.982774899999995,57.54908226,57.12188741,53.11793661,63.91090946,64.52306604,60.78372739,65.63357331,64.75937578,65.90221541,66.280753,69.15860332,68.25657341,65.84382473,66.39441226,66.39555819,67.07081417,65.49281875,62.23772445,70.70253778,70.37469361,72.05818069,71.93554782,72.37186939,74.70805569,72.78590890000001,72.85175047,75.59572552,74.36609698000001,75.11031347,72.12861695000001,73.75998281999999,76.59903033,75.66065268000001,77.25817598,80.84205159,80.61751985,75.54967467,77.593673,76.54447818999999,77.25830328,76.03953059,72.80788201,77.07688324,76.1435451,83.33699084,80.64952102,81.9275879,84.13006375,78.5369505,83.28562169,81.59470293000001,76.27083245,79.50003893,75.02818423000001,80.70373,87.10695567,87.39940672,86.69743595999999,87.76969809,88.05716722,90.36563446,88.12249289,87.59115975,82.58889173,83.58461731999999,85.43576212,83.64116075,85.20595597,90.02873518999999,87.87095245,90.69840725,93.64332976,93.53998304000001,93.51360552,90.92089747,85.09367696,86.81558094,84.17629314,91.07104829000001,90.30534586,92.36393223,93.87251726000001,95.71822992,98.91607085,95.12884506,96.18682516,96.160859,96.04873640000001,93.78325343,93.08482751999999,100.05004115000001,98.38285534,104.54390151999999,103.37708272,108.34043709000001,106.45544892,107.33620373999999,104.80509988,102.24428005,102.21798144,101.33665886,100.90745785,108.92232046,108.70287603,111.36225915,110.69574967,116.35924554,117.87230911,111.87837952,115.33202847,114.66902147,115.17390832,118.79955986,110.30781883,116.63018899,120.06103248000001,121.36073368000001,122.17461888,124.61025504000001,127.87448235,123.93302451000001,125.31684405,125.31733668000001,117.52876793,122.46091804000001,119.83650637999999,123.28681001999999,120.17720218000001,126.48177297,125.52857151,125.97890759,126.17453645,126.96633894,131.58768374,127.09931624,117.90582673,122.35748956,127.01021852,117.31701592,94.6045413,107.50619476,96.98198322,109.72066359,129.52922248000002,122.70226326000001,129.64787397,126.88036287,121.77050075,123.53353258,133.64793967,141.40358462999998,156.54458057,166.22987658000002,179.77727375,183.04311413999997,178.43946179,165.43198474000002,156.10972025,148.54555071000001,135.38378489,135.96353982,127.29062937,136.14215088,133.79682791,142.76015685,132.97781952,139.70926081,142.17391439,144.27171116,145.79808366999998,129.85513082,151.28515255000002,138.75758077,136.82614113999998,148.65295593000002,142.05721655000002,151.65081243,146.34542447,149.67084874,156.00869498
43 Rio Grande do Sul,30.93132546,57.36342001,51.54779407,56.67333849,48.39773307,52.413429619999995,56.636376979999994,56.113054700000006,55.356224299999994,53.63771313,53.69950608,58.73037958,57.629317060000005,58.77908802,63.366430890000004,62.20023097,61.68382468,62.4953639,64.61427182999999,66.45744534,66.42500936,65.78242872999999,63.71454187,64.48849388000001,66.3041685,61.52741952,62.49052238,66.81441339999999,67.90051835,64.79972675,68.51823207,68.73129703000001,66.17496916,66.89130947999999,67.45643473,67.09630252000001,60.75414432,58.88433985,66.2053644,61.54986309,67.00556420000001,72.79141149,74.30086133,67.83746386,70.06441436,70.23236293000001,72.55459298000001,64.88187975,61.61186588,65.53590182,74.33626007,67.54939598,72.17989988,76.77347506,77.77424178,76.49951426000001,69.76491217,64.83999960999999,75.45933865,63.899563549999996,74.16275817,71.19861175,82.49779506,83.50765535,86.81970256,76.19204915,86.98556629000001,87.18826831999999,79.98857509,82.13613670999999,79.8363663,80.08978932,78.8572346,78.53700846,79.39420890000001,83.27872434999999,84.49427865000001,85.82839240999999,90.61081410999999,90.06846413,89.05005167,94.00589804,87.7334712,84.12218575,85.07971414000001,82.13357024,88.51705503,91.3014525,89.89541564,92.11433188,94.94332081,95.06392101,89.86724770000001,91.02569047,92.84163381,83.9521877,80.1303148,84.81106812,86.49162315000001,84.05230571999999,87.84014172,88.08836762,92.4709252,94.27257331,77.46603909999999,96.93458189,86.67813126,87.39956681,81.10956927,73.21203039,84.03398511,83.23868079,94.75626763,89.58582381000001,96.1745337,92.17617061,94.22836083,90.65501578,91.2427207,82.93474693,88.81706636,80.57228845,87.41989925,89.39693552,88.14825161,90.75450448999999,89.09369014,94.01088897,93.66472468,90.02594536,93.08129231000001,89.05071234,89.66470323,89.2593065,85.58575475,95.15278647,94.16383823000001,92.23733345999999,102.29831476000001,100.26014529999999,95.91710656000001,102.33161505,93.97190479000001,90.77541812999999,94.90833674,91.43794091,102.87613283,83.00031802,82.38177495000001,86.09250224,100.57928765000001,102.60996559,104.40101954000001,117.45829246,108.85389098,112.06664679000001,120.18549129,111.74552625,133.99852005,144.16068475,147.20006751,152.12578063,153.14629286000002,137.56145981,122.94434179000001,114.70591327,115.17187258,114.40209861,102.76421997,105.94119018,108.32012566,103.64560766,106.12275551,106.59834958,108.7171682,111.84009246,112.56236240999999,114.51690072,107.81596043,109.41724051,111.65979392,99.58987033,111.40703388,106.96012159,112.36511276,113.73440981,116.90397793000001,117.94044816
33 Rio de Janeiro,23.02525852,28.39431093,44.56706294,44.05460482,44.911021149999996,48.05621224,49.87237935,50.9127066,49.270352759999994,46.43491238,39.90734752,50.58161399,46.20340372,47.09428097,50.80889361,49.18804537,54.03872715,50.72081882,55.050238310000005,56.20271173,52.02772177000001,52.06374846,54.30457103,49.771259,47.245572100000004,50.65591479,56.116554619999995,52.07090049,59.39696931,56.8661242,59.8072971,60.27464613,56.8496935,56.972506409999994,56.22639298,55.76672297,54.46851371,54.49090851,57.18987936,57.53053448,59.41508281,57.50036018,58.71937431,57.72544431,55.988073560000004,57.06717347,56.00778796,58.50036163,51.49087625,51.2188297,59.05088879,55.713082390000004,59.30854857,60.94625626,62.57027517,62.562491189999996,57.81951513,60.68011132,55.508626729999996,52.93800754,54.49849726,54.2415429,58.10334377,58.179861280000004,62.95171789,59.378002020000004,64.39711539,63.68899865,62.54962421,61.10522932,60.72356183,58.60233651,58.57949592,60.08040285,57.850576520000004,62.32553505,65.79212861,61.27660347,68.29507812,69.88317298,68.0728422,69.18037979,64.12203395,60.51792303,62.439111759999996,63.737825009999995,67.666582,68.28485149,68.75129165999999,68.00907162,74.28446806999999,68.98557896,69.99497781999999,70.135244,67.37566722,65.07360621,65.22896796,63.37721974,68.53010914000001,65.49107188,64.78853597,64.64732221,68.97499476,68.88955591,65.7228669,64.25409002,63.29543125,67.08213655,62.0620743,63.262857880000006,70.61405049,66.8316413,74.20370815000001,72.24865715,75.30260285,77.71742167000001,72.62237214,74.95305626000001,72.54826505,71.17651415,72.53067581,70.91096445000001,75.60173247,75.99817343000001,78.03324514,77.68341079999999,83.73389275,80.45378286,77.38297988,79.40459767,75.07591242000001,71.28643183,80.14080194,73.53557078,76.15131063,75.8534534,86.63716869,80.12574775,89.92459065999999,85.72086009,82.9711883,86.39249058,80.84367161,78.57984929999999,83.18625872,76.11620322,77.00463747,71.40462367,85.12366273,91.73535899,99.33135201,96.33961599,88.30523993999999,86.99564935,86.86811143999999,90.4839094,94.36035253,92.97706851000001,113.35499598,119.30174074,134.13445537,133.31317239,132.52422590999998,134.54836576,130.08868639,117.93404037,106.30174261,105.25049933,106.48307324,100.94113087999999,101.37477764,102.93227596,110.53953926999999,104.19502984,106.97738004,114.37533640000001,110.95059723,111.31779903,107.64242647,107.40725087,107.58277064,99.09673334,113.91775704999999,108.88145889,118.84575801999999,118.75528166,124.22785123999999,114.39538104
29 Bahia,21.21152247,28.18930495,34.18148352,39.02693413,42.94956682,47.02597204,47.48169517,46.93124828,44.88337931,41.92001146,37.52474474,44.87893674,39.95577696,43.11170775,49.77994778,50.01460282,48.790551799999996,49.132821820000004,51.23996887,52.45824642,53.839068590000004,51.43718965,51.51141922,49.83775553,49.52911274,47.153215380000006,53.61197189,54.05917628,51.822435060000004,48.19372343,52.05593639,55.16948009,51.14946904,52.99886851,51.11019955,49.79738031,50.76256042,49.50609515,53.676261909999994,56.23082944,51.27730185,52.55400719,57.66534591,55.39487104,55.85381524,55.020722469999995,56.42695802,52.119762310000006,51.471366429999996,51.583789939999996,61.114469799999995,56.47086017,58.95634268,57.28613346,57.57966612,58.85018701,55.7218901,59.17469998,54.834519310000005,50.80558516,50.91873011,48.031764259999996,54.68948304,60.34683948,62.215989210000004,59.46805113,65.90425649000001,64.80500717,62.744830560000004,65.84512234,59.14121679,58.29002286,63.76781164,59.91519191,59.68168197999999,60.92067182,61.3510924,60.026773479999996,65.89725307,66.45674035,67.96355789,67.90487833,62.281320060000006,61.537833979999995,63.4028509,57.53341571,65.86206538,61.00210589,64.94146992,64.00063385,66.95675365999999,70.1450591,70.37519132999999,70.21272859999999,69.46756302,61.6972711,64.49158281,61.03029644,67.59652273,68.94679731000001,69.70366934,67.42769306999999,70.49994120000001,71.27514255,72.31690737000001,70.32205689,63.62032818,62.906303189999996,64.39723543,64.63468608,68.69038093,65.6269585,70.17683367000001,72.87096412000001,63.84539583,63.75654298,72.19577568999999,78.40944723,71.98796864,64.64837369,68.04865342000001,64.47503936999999,67.30193564,70.13819099,72.01563815,68.21332306999999,73.41254278,74.50587373,71.52588245,74.89924226000001,73.89880266,67.08399692,69.94390344,63.0379872,70.63131303,75.65687101,74.93090209,72.31195553,78.14595878,79.46533634999999,75.61248942,75.33307855,73.5970192,71.0085789,72.99164423,70.07618391,73.15645975,62.67315689,64.09797052,69.71140248,84.23428758,83.50532126,80.58049811,81.28209164,86.32390087,85.89802144,80.04195106,82.38538511,102.01267419,115.56588756999999,115.55338345999999,129.33676401,133.185386,110.54847015,103.74256079000001,91.72689451000001,89.71263752,90.12117415,93.87094458,97.64978411,95.47682639,86.35573153,80.25369463,80.75338832999999,85.08315034,92.59616323,94.37892090999999,93.11456614,88.52405615,88.45414358,90.28900425,84.97071718000001,91.83403170999999,90.23666837,99.53904073999999,96.75530893999999,106.03222498000001,102.56151184999999
26 Pernambuco,14.39394989,24.18140095,29.99130271,34.80619797,32.14798735,32.239094890000004,32.68564076,35.457038659999995,33.668261460000004,30.57974751,31.04983056,36.97845128,31.00921735,32.98918642,35.81657057,35.96925801,38.38136946,37.14796164,37.20003782,37.05038771,37.97106817,39.339518149999996,38.448709,36.96171824,35.05250708,32.87099766,36.49046192,39.18580219,39.38846204,38.249606840000006,36.95572387,40.351864490000004,37.22990782,40.700808630000004,41.62591129,39.731003009999995,38.31465592,38.70497494,38.27047993,43.296812530000004,43.379503119999995,42.37459003,44.08991721,44.593739899999996,42.57410091,46.41456503,42.33262796,41.80619996,42.366739759999994,40.65714753,42.35677579,46.04910738,45.870310229999994,47.260740979999994,45.9174286,46.32928268,45.91225555,45.95060084000001,48.13662277,45.18247426,45.9185102,46.28649891,49.97649224,51.8689683,55.17782924,54.07803735,55.0571401,56.9869573,57.16485107,59.698786840000004,53.07390375,59.82527268,53.574898270000006,54.289579090000004,53.29692453,57.13343818,60.49490481,58.518383,60.62540278,60.46897919,63.211650920000004,62.18362021,62.888953969999996,56.84123606,57.23481711,55.735690299999995,58.79639686,59.85008694,62.80394106,64.06728688,60.73952474,62.409022549999996,59.8087474,57.510985600000005,62.04953757,55.99743018,58.82423937,57.383866850000004,60.6544573,59.81302514,62.7066755,62.31815151,63.99667040999999,63.76608953,62.86417351,62.21842419,57.815722369999996,60.83205872,61.543259119999995,58.53023123,66.01143262,62.88862319,70.25795475,69.57337369,69.76282896,68.09932325,67.99968034999999,66.97889702,64.73422171,65.81992192,64.52974962,59.25835104,67.79266295000001,66.49147288,71.01402126,68.67913811,70.74182635,70.55434199,66.80605481,67.06761196000001,64.3756841,63.34781494,66.76718721,63.01203607,65.48562252,65.02687236,71.67520364,68.05217703,71.00275356,70.10517596,69.751772,73.23380515000001,69.91628852,65.70774038,70.16144176,64.82261622,66.22172751,49.24143042,58.98824140999999,64.30157628,74.91467743000001,77.24271806,71.76462017,66.58780149,78.93971608,72.31414197,83.92617717,78.21228277,87.95762827,103.99313151000001,123.65977559000001,125.97397541,115.60223215,104.02618365000001,85.58749039,81.91478871,82.83045606,88.12627427,90.92511676000001,94.77882425,79.64392887000001,80.15038211,80.06492264,74.12702487,79.8118979,83.90914584999999,78.26063101000001,75.61270859999999,74.23922420000001,84.01253679000001,76.8463304,71.03515375,81.96464669,75.79093242,81.51997409,83.10890762999999,83.07043743000001,88.75277912
42 Santa Catarina,16.50491345,25.65142911,26.74352489,27.181488260000002,26.84530818,29.90976204,30.78913584,31.25085433,30.01967693,31.95760359,25.11548486,30.778152010000003,35.33077638,29.0032334,34.66566111,33.835731439999996,35.240482920000005,34.5597921,37.81743439,37.25910698,37.38038293,35.782563689999996,37.34510577,33.88722081,35.9651112,30.4998288,35.10662949,38.01621579,36.07596256,36.549557799999995,37.41064446,39.238540969999995,38.08189014,38.78987744,39.82758398,38.8145575,36.41586391,36.72150861,37.99613234,38.42164432,42.83566288,41.189032409999996,41.758217710000004,41.68448118,40.922878170000004,43.20212753,42.47257209000001,39.32114615,40.492256090000005,37.02204467,41.48365571,39.78302617,43.80545591,44.04627927000001,44.667604829999995,47.34153684,43.3597458,45.15614664,41.57377933,39.21965132,42.289935799999995,40.63921168,43.59485316,48.62517822,48.118188700000005,47.911889439999996,50.57144843,48.955584630000004,50.82944452,51.49106829,51.68432802,48.372507219999996,47.99367886,47.28889703,49.01295227000001,48.05355967,51.823540539999996,52.05111163,54.23879501,58.563755119999996,57.99638657,55.71859657,52.62235152,50.64441358,51.654807119999994,49.24337232,50.77803859,53.0326906,52.43894012,55.88086836,58.5303045,56.69058783,57.88988742,55.73733822,53.674531439999996,54.16500662,51.12204459,51.19390771,53.003389119999994,55.05199999,58.46242306,57.7589608,56.65062557,59.50007333,57.82571751,57.782700399999996,54.98123042,50.52042022,56.88126374,49.307356229999996,57.799235229999994,53.44510328,60.33232513,58.39622286,57.2470115,60.46091842,56.26350769,56.88354313,55.60404398,54.055792100000005,53.71241895,51.29866832,58.770698100000004,60.288827829999995,60.659252200000005,62.213666200000006,61.278050719999996,62.73090687,61.63689045,63.32718797,59.76666418,55.70871329,58.896965310000006,57.42049179,58.25011095,61.028085600000004,64.9377094,63.50494554,66.59165675999999,68.43953879,67.13128674,67.94696252,62.69467496,62.400948719999995,60.25532683,63.69579411,61.83594053,51.632371909999996,55.188294770000006,57.89743661,61.26729789,65.46758593,71.78149481999999,69.41443170999999,68.61731644,70.96869728,72.9297756,75.92329576,85.89691499,88.35632595999999,89.92817851999999,101.87803446,104.26088192,110.32776401999999,93.56755926000001,91.78893347,86.88345351999999,85.03203625,76.62006264,75.73583554000001,74.6943289,71.89512075,75.54371983,73.64715931999999,81.73974945,82.93693031000001,80.81642365,82.62164643000001,81.48246589,81.78161596,80.28863632,80.60973572,82.48641906,81.83717712,86.45412992,87.72573557999999,87.34911140999999,92.24957198
23 Ceará,15.5398219,25.73510155,28.72462575,30.676457059999997,30.60445347,31.27239518,30.92539136,27.851438719999997,30.3627199,27.657898739999997,23.572202620000002,33.25131589,28.80908767,31.63167894,36.93912091,34.17991208,36.272200590000004,34.51443028,33.98574509,34.68282487,34.47157906,34.05813068,33.861419950000005,32.15156945,31.949416199999998,33.25042639,35.65326777000001,35.280277670000004,35.76007181,35.22424172,33.67754324,36.365864280000004,34.90170112,32.26775689,34.41502082,33.249126780000005,34.08376813,34.657124630000006,34.92132139,35.28905705,31.31265143,34.958166979999994,35.60065357,34.923503020000005,34.91794275,37.06758372,36.176592240000005,36.163224490000005,33.904905310000004,34.429527,36.06051172,36.38790345,36.72876746,37.19335035,35.902921649999996,36.80448415,36.29197412,34.91972664,34.13653045,33.43532011,34.35951916,35.13325178,37.54623335,41.29570227000001,40.93900964,37.839667549999994,42.27061766,40.58296662,43.85443574,43.08530261,41.20849792,39.79079522999999,43.974395969999996,40.184793469999995,40.34250147,40.56314301,44.72057347,41.2059877,46.219584770000004,43.074266619999996,44.84146862,41.34433325,41.34880915,42.35751472,41.33890346,39.20238523,43.321011479999996,43.66940997,44.13947701,45.12241542,45.76326353,45.838906810000005,45.53693202,44.07499972,46.98543704,42.06984568,42.13753629,42.61227289,41.70528612,44.75000328,45.625574799999995,47.25486059000001,45.694578240000006,48.499950850000005,47.371013950000005,46.0871696,44.41669703,43.95941165,41.68279639,42.89677959,46.48252494,43.16585062,46.984022329999995,46.412837020000005,46.35332161,47.76633204,47.34251036,48.96437084,47.75659017,45.50943996,48.012434520000006,45.500460479999994,48.132921,48.06198629,48.9548621,47.40412798,49.250389909999996,50.52883327,46.51983566,48.461986079999996,47.851900310000005,45.277060119999994,49.46946464,47.56555204,48.209418299999996,49.67699837,52.62212454,50.899685240000004,52.995900799999994,52.44867567,51.13988440999999,51.55434317,50.51964121,50.83560688,50.63058439,50.725074219999996,47.00998582,45.0485417,46.44210189,54.99975422999999,56.0253857,61.72804389,56.70884806,59.17158867,56.99074142,50.980310200000005,52.3268836,56.30244896,68.43145704999999,78.63477904000001,87.02418065,110.34228604,90.87076848999999,80.20368973000001,81.20136306,57.918645090000005,58.774701119999996,55.74093064,59.20697142,56.97718447,58.789242030000004,59.91371012,60.55318476,61.95953104,61.475329200000004,64.24379313,58.05363124,62.34945313,60.22215755,62.702932759999996,61.623857380000004,58.28891559,61.73986361,63.86402175,65.26796841,63.34754082,63.56525861,51.50113705
52 Goiás,15.310637289999999,22.25866868,21.44251575,20.92121245,21.615970670000003,18.270043870000002,20.540517129999998,20.65073067,20.86844356,20.62142304,17.0945801,21.61556161,20.67855205,23.043942780000002,23.33431245,23.50810816,23.94760691,24.36984815,24.57712664,24.372626649999997,25.22784574,24.7466869,24.6289585,25.52461537,23.35238022,23.520045070000002,25.36972589,24.40441742,24.98774586,24.95439109,25.71160113,27.19878835,26.67212445,24.96487171,25.67113581,25.26071305,25.17149379,26.40174502,29.060487719999998,28.09123529,27.75662795,26.664943440000002,27.54480674,28.147924489999998,28.97013386,27.44381346,27.361622620000002,26.78215886,25.85770564,27.57820983,28.90314815,27.88837486,28.50854681,27.39437904,27.65014673,27.972257239999998,27.59338091,28.22539395,30.257205980000002,28.21906548,28.347476370000003,28.863363940000003,29.21982784,33.852630829999995,33.590436,31.12504403,32.96184949,32.74489952,32.463384149999996,31.05940038,33.423742170000004,31.21405141,31.924189809999998,30.61541246,30.729287199999998,32.78908122,34.12946573,32.39530579,34.486077689999995,34.263783329999995,33.627178189999995,37.301012990000004,34.13335961,34.54958284000001,33.44084145,31.98697473,37.406713509999996,36.037996490000005,35.411348700000005,35.037055280000004,35.10663253,34.8478054,35.12433971,34.87213096,37.247032350000005,33.761371020000006,32.68123132,33.68606372,36.509450009999995,34.72269939,33.43819346,36.01175029,32.79448312,37.294503399999996,34.82473059,32.9011693,32.2900178,33.45668943,32.130522230000004,32.01220614,34.55188435,36.41518179,36.185213950000005,35.06157461,34.37409665,35.31425406,35.4522318,34.270824,34.45638452,34.33131698,32.75650063,29.75282571,35.35323897,33.12699454,33.32191656,35.5369373,35.00995387,33.89928636,33.93653521,34.48271913,33.69564606,36.347762270000004,35.16266551,33.658226729999996,36.73325384,36.26037454,38.15998689,37.23691846,37.76922709,37.979735240000004,37.47076739,37.337272340000005,35.73485579,34.8793737,35.79487464,35.04814129,34.84393815999999,30.93223673,34.40694517,36.10161985,40.617188840000004,46.248805850000004,44.920822380000004,45.56415675,43.10204072,44.31060597,46.516938859999996,44.405057979999995,58.04254789,63.38006796,60.776098700000006,64.91649240999999,72.75232043999999,72.46823827,67.29496598,58.384780119999995,43.4916124,44.80574859,45.80606207,41.94007089,42.007056590000005,41.11483846,42.762295359999996,37.974022409999996,46.16428776,44.55206421,44.12976847,43.98470553,43.049856520000006,43.60920127,45.80862983,43.49803128,47.66549363,45.98041499,49.79047536,44.02266478,51.77601628,47.49383659
15 Pará,18.86474411,19.5537582,21.9373427,20.842829690000002,23.24995288,23.240687559999998,24.002223559999997,23.34121803,25.17226132,24.01171248,21.5263037,23.89680499,24.61332093,24.01594001,26.624310100000002,26.478979579999997,26.36640119,25.44070125,28.079331879999998,27.58852226,27.96796922,28.43063119,25.432419120000002,26.405862199999998,25.8418897,26.52719233,27.433129309999998,25.75386816,27.51546384,26.93420347,26.66819502,26.60674981,27.22666053,27.185706839999998,27.019994899999997,26.03603325,27.9133744,26.77106028,27.06039638,27.86887978,25.307476190000003,28.34303468,24.565538489999998,25.52846074,28.301294350000003,27.370964609999998,25.88040771,26.23849003,27.326329100000002,26.349845260000002,27.351755739999998,26.90865929,27.046198359999998,26.377422890000002,26.36347767,20.608795,26.71928305,26.9271632,26.24363189,27.31374848,25.716468350000003,27.23061192,27.800745329999998,28.15796206,28.93108484,30.07349418,29.20057347,27.86158335,28.490038600000002,28.389416649999998,28.63046792,30.20530272,26.976831190000002,27.63601825,28.44049548,28.22965098,28.72284527,30.35612643,28.14755089,27.946764079999998,28.95961193,30.10103711,28.71837583,28.616330519999998,28.5421365,28.61836652,29.16822309,30.17478394,29.97993784,29.32265971,30.47101789,31.56392222,29.96462166,29.18979443,29.28573364,27.69585289,27.60657227,29.569770870000003,28.560310469999997,30.01491919,29.51689449,30.77451314,29.98137923,30.09917867,30.83138691,31.99466539,29.05273284,29.14657551,30.75437021,30.35104339,31.28043065,32.05188254,30.50785239,32.20226599,32.77100263,32.20401338,34.98374788,34.13897065,33.28064337,34.42641315,31.59118532,31.378879,32.90987751,35.053278799999994,33.97313385,35.56075757,33.46517206,35.49737112,34.89602028,37.38536464,34.29417103,34.16850529,33.8499098,32.87171766,33.13099571,36.0443194,35.906526590000006,35.242306770000006,29.46014472,31.17989386,34.175218799999996,36.12229883,36.87444223,35.94776642,34.36598558,37.41757986,35.610330340000004,28.29244648,32.99880672,42.24077653,40.8518966,44.451659549999995,36.858888560000004,37.02500625,39.04098398,38.068009090000004,38.842407789999996,39.27080377,40.70147083,46.662714560000005,55.352070659999995,48.295002329999996,46.3362373,45.12686059000001,45.77618652,45.04986036,44.574730869999996,44.36581625,45.062563729999994,45.109846590000004,43.89692249,47.121364619999994,45.52597999,44.82632915,46.66705015,47.56748978,45.605613840000004,46.12343801,43.72243296,44.49125098,46.25608099,46.3683054,47.30248261,47.58254376,46.568828780000004,44.35819639,51.93018094,44.52007427
21 Maranhão,10.72350639,13.55967941,13.98514236,14.809416460000001,14.505727380000002,14.90809132,15.7848994,15.19531289,14.95127775,16.07221928,14.016545039999999,15.79230393,14.782429140000001,16.84241653,16.68162641,17.735055550000002,17.466345309999998,17.45922954,18.02164834,19.33294968,19.72289551,19.27785257,18.63407827,19.11791442,18.90615218,17.54083845,19.74193329,19.44520855,20.17407939,20.368446350000003,20.361636949999998,20.566710399999998,19.06190155,20.690798079999997,21.0289158,19.41788995,20.078774980000002,20.44895289,20.67951426,21.21095643,20.71136263,20.13358572,20.09376087,20.561354,20.82378257,21.443192850000003,20.62458338,21.018995059999998,19.91071245,20.90304782,21.470376329999997,23.20639757,23.48536214,22.450749870000003,23.43562279,21.80543482,21.79831007,21.14138225,21.02322279,19.53779198,21.450719199999998,21.36413312,22.46190145,23.228749739999998,25.24052407,24.358828550000002,24.958955030000002,24.96753141,25.16372177,25.079061929999998,24.64401147,24.8118989,25.07479796,23.57870677,24.379180429999998,24.561919829999997,24.5009976,26.36256792,25.424053100000002,26.27343874,26.72427668,25.224307370000002,25.52749063,24.17355753,23.007366,24.59317979,25.9831532,25.55198398,27.39412613,26.76277242,27.21167348,26.732789789999998,26.92908925,26.298140280000002,25.54908029,25.52766143,26.26405026,24.71198348,25.65807948,26.21574088,26.62509716,26.86887097,27.245242670000003,26.35493371,25.97587216,25.534733579999997,25.48393305,20.54650853,26.153825190000003,25.9155835,27.89509169,26.80864339,28.06444072,27.699191350000003,29.3215817,28.97426739,28.21078625,28.35232475,26.85836706,29.435501730000002,28.52488888,26.35183662,30.050918579999998,31.07743222,29.48573267,29.35948498,29.44118187,30.255833420000002,29.64542853,29.31070937,28.46232793,29.60623179,30.64177218,27.36905119,30.39968109,30.40617144,31.437580620000002,30.09423234,30.72440459,31.71246435,30.923188399999997,32.025892760000005,31.01387874,29.65949342,30.3248685,30.01818806,29.309892089999998,25.2565892,31.382563899999997,34.92183863,35.49796606,32.27955326,30.167548030000003,33.401913719999996,32.12037592,31.08909719,31.820050289999998,32.76351176,44.85424948,50.40672535,53.57918788,51.47658409,52.57755099,44.466565179999996,40.12254701,36.94993058,33.981831619999994,37.32865804,37.76702179,38.66462779,37.03619267,36.73791251,38.48428022,36.29771329,39.760287399999996,38.607141979999994,37.29181541,37.65996751,36.40256218,37.8047603,39.58201218,36.53847925,37.773644600000004,35.562287700000006,37.43668168,37.002566380000005,39.25385444,35.677149920000005
32 Espírito Santo,5.4567239800000005,9.10221286,10.249595970000001,11.25383356,10.19861917,13.364258289999999,13.03537408,12.58859577,12.727433300000001,12.65603916,11.456719609999999,13.79710101,11.872595720000001,13.159401039999999,14.11282559,14.441001759999999,15.86948576,14.28948215,14.75963893,15.6820211,15.38232346,15.580269470000001,14.61472718,13.38970731,15.19527091,14.08929207,14.86045956,14.59067801,15.55185516,15.09427262,15.89142756,15.42729584,16.004656880000002,16.31038044,15.48409244,16.64033844,16.13366494,15.16141345,17.38207061,16.934270530000003,17.75884996,17.1723118,17.3805092,18.970124289999998,17.551488149999997,17.9700353,17.36479254,17.496329940000003,17.22280498,16.75199585,18.47153746,18.456884510000002,17.62811136,18.10765811,19.02311507,18.953444620000003,19.67050059,18.95034909,18.89455212,18.281712149999997,19.22443153,19.035509920000003,20.294734350000002,19.59550702,20.2652674,19.658552699999998,20.401161289999997,19.99867093,20.4518488,20.13130249,20.389116780000002,19.05873726,19.74917848,19.147207719999997,19.15170666,19.881203539999998,22.29488178,21.29991599,22.526747710000002,21.96999969,21.98204334,22.88379384,21.79340447,20.417854690000002,20.117941260000002,20.66491935,22.38206817,21.407331210000002,22.26426678,22.28412222,25.02599197,23.40140452,20.83382254,23.424337519999998,23.991085579999996,21.43778754,23.77956366,22.79004827,23.715873329999997,24.827565420000003,24.10959733,25.65881737,25.16905716,26.72502424,25.338983149999997,24.61923374,24.31658195,25.92848484,25.00767662,24.19119104,25.3082924,25.03148352,26.63869623,27.02963004,26.53079894,25.867248280000002,25.26246633,26.30923434,26.48531014,25.4938047,26.87038424,24.762482379999998,23.99207032,25.58075491,27.04709149,24.43138584,25.13037843,26.0093405,24.685731899999997,26.24387736,24.17007547,24.50205639,25.00540989,24.43336041,24.48944143,23.96607321,27.67889471,26.25728718,29.32103262,28.08002393,27.49494806,28.981301170000002,26.65212301,27.58772737,28.05706329,26.361545850000002,26.637385719999997,25.119682609999998,29.089749100000002,29.1597069,33.63498717,32.934864929999996,39.19876989,28.522105760000002,31.548191149999997,34.35599985,41.07577015,42.55207465,48.960723619999996,56.41713295,55.16272174,52.21412902,55.58813278,45.641859939999996,39.44302362,39.80584925,40.10514318,37.02879414,38.017795590000006,42.69224473,36.14272223,36.65434006,32.41274452,36.35732886,37.84221651,33.05667753,35.064944270000005,35.65060837,35.87142754,34.702386270000005,39.34325596,33.28611969,40.177196509999995,37.44379064,39.75289096,42.3171167,38.67648885,41.82290519
24 Rio Grande do Norte,5.94781408,9.50975583,10.35223859,10.8551085,11.16016819,10.475071380000001,11.38634996,10.64081747,11.33603028,10.60646507,10.74281244,10.09104876,9.571714810000001,10.69950366,11.61301625,9.515920849999999,12.872004449999999,12.35331044,12.88882703,13.07540099,13.2138176,13.294634310000001,13.153593039999999,13.65254487,12.94250599,12.272024779999999,13.76330023,13.69324407,13.97528125,12.960918439999999,13.07750932,14.081550960000001,13.930180980000001,13.01035442,12.79680521,13.66792781,13.356719539999999,13.5512899,14.10846583,13.87142809,14.155263869999999,14.2136729,14.7053209,13.632520699999999,15.37732888,14.67595726,13.41738755,15.16785235,13.51282466,12.43412723,16.10796068,14.82083697,14.61662236,13.43367161,15.75956622,15.565943970000001,14.07864123,14.275735699999998,14.363579269999999,13.095433439999999,12.88517699,12.865116039999998,14.4394963,16.24010274,16.31240786,17.00533663,15.550082289999999,16.12860919,16.663333820000002,16.56047211,15.77228374,14.46719379,13.92921724,15.17588755,15.826709050000002,15.17972826,17.609022,16.32608316,17.62040631,16.8972135,15.65993629,17.260602079999998,17.19044761,14.55234994,16.41594923,14.66310133,17.34930893,16.48568809,17.47988581,18.35781468,19.03212105,19.08340879,18.62525639,19.30550893,18.323482809999998,15.73221202,17.598037429999998,15.94415328,18.56185294,18.551249809999998,19.17419434,19.66545557,18.71063225,16.40746411,13.341159560000001,18.5961197,17.33891964,18.965204649999997,17.5310257,15.91534717,18.08855383,18.34612695,19.11103424,17.755044870000003,19.054889160000002,19.79596653,18.79525974,18.444347899999997,17.2980035,18.31184001,19.13057055,17.631343469999997,19.84283493,20.77480662,20.78903818,20.13769972,21.65239173,21.62979735,20.189873010000003,21.33237273,20.58125813,17.22787404,22.5037047,20.181547440000003,23.086510420000003,21.820682350000002,23.58881389,21.53022097,22.22977985,23.12083846,22.4558271,22.26316366,22.92262816,20.94902715,23.101224379999998,21.644473350000002,22.438442719999998,18.74494381,19.454054,21.476468960000002,26.33780877,27.57965862,27.721340379999997,26.05267189,24.742465160000002,23.8884899,28.0759817,26.593976809999997,28.45502187,35.95272338,36.88774796,36.785336799999996,36.05539864,32.93981429,28.1240879,26.0143949,25.08542808,24.57020711,24.94898061,26.29980963,25.13168356,25.63650871,27.94622013,27.082376019999998,27.513087629999998,27.478307739999998,28.25231428,28.51516639,29.471167219999998,25.292072190000003,25.38237563,24.8502113,26.79532204,27.11712585,27.7897275,32.78053396,29.526132660000002,32.21636368
53 Distrito Federal,4.74591919,7.63248067,9.64720326,11.09873299,12.891719720000001,12.85012567,12.56564674,13.71085789,13.165106199999999,15.04860723,11.34316662,14.727561060000001,12.44882112,10.37899159,13.84438456,13.01446849,15.19932219,15.839446,14.07564284,15.07028719,14.487053320000001,14.79475993,13.9701477,12.231919679999999,14.15235741,12.79795647,14.76610889,14.25150337,13.99232187,13.02971213,13.73143147,14.4928919,13.70896772,13.15429748,14.0171919,13.89286069,13.68519315,12.59622792,13.77661355,16.34513808,16.08791083,13.97273493,14.892283189999999,13.27849141,13.9954267,15.3909235,13.086852039999998,13.59025281,14.944337599999999,14.888269730000001,15.08575132,15.76489619,15.62343515,15.20342501,16.73202178,15.30181045,13.73274593,14.641131300000001,14.30287291,13.1581724,13.730031449999998,16.99866127,16.77530673,15.67188783,17.11511836,14.70215022,16.691669,17.23649961,15.10726626,14.85436516,14.958687900000001,13.017400369999999,15.090216439999999,14.61647596,15.22193961,13.47394721,16.95786571,16.17253749,16.980186149999998,18.00278925,15.337916230000001,15.15951018,14.57500632,13.31573502,12.64459701,12.040195189999999,15.56356272,16.11213623,15.58263539,15.52712583,16.34046489,15.410729640000001,15.59645616,12.688880220000001,15.29131752,14.72579959,14.615505460000001,13.618348619999999,17.17035614,17.429303960000002,18.419489,18.261439850000002,15.95748401,18.85972802,14.61768782,15.93806589,17.795635559999997,17.955606460000002,17.727684850000003,17.813104879999997,18.51010596,16.996973920000002,15.586295880000002,14.832061099999999,15.14325369,16.830062390000002,18.43794584,18.041562149999997,18.203173030000002,17.02886846,17.12757195,18.22278766,20.340897780000002,20.52218119,20.34340723,21.54212159,22.30146816,23.318726050000002,20.30707579,18.60025814,16.51832398,13.9705066,20.19215235,18.49633316,22.1917957,18.562231920000002,20.36077948,20.18708238,22.21615463,23.309181239999997,17.87019468,17.859596850000003,19.85194018,18.76943777,22.34162909,20.643441059999997,22.94716399,21.53650516,19.05824391,22.704335269999998,25.26977334,26.52619639,20.05659211,20.8562493,20.45932527,22.991567760000002,23.52705029,22.76695262,31.83191745,38.410115299999994,31.53281686,30.62936148,29.662716670000002,27.288766940000002,28.50998596,26.20742915,25.14745857,22.74291621,24.945761010000002,24.40409299,26.03333063,25.43077037,25.48740111,23.29454534,25.72939743,30.312743670000003,27.63081749,28.36382055,26.50149919,24.62464472,25.41687043,24.34623216,31.52513165,27.77153046,27.49522773,28.258576,29.03417733,30.961244280000003
25 Paraíba,10.72300245,11.38627447,12.053643869999998,12.65352876,12.21510711,12.25692849,12.755413769999999,12.87257837,12.558296109999999,12.76872785,12.305712880000002,13.581860460000001,13.49316447,13.48297809,14.82700661,15.39755653,16.27744259,15.87916072,15.97881122,15.59034789,16.11768024,15.75169159,15.92766269,15.43752874,15.66786973,14.904848470000001,16.21613365,16.257606550000002,16.33775146,16.09233267,16.90225336,16.841142039999998,15.852904310000001,15.58557368,15.38392763,15.66980738,15.0917195,15.32639208,15.90661312,15.34642006,15.53083549,14.63376602,15.69853359,15.12855676,15.78545875,15.328867039999999,14.9864564,15.09302515,13.674516539999999,13.85912601,15.038829369999998,14.9573599,15.59437619,14.42717703,15.48436107,15.78685282,16.20780508,14.96672485,15.58768725,14.506296460000002,15.6808984,14.385685070000001,16.32192155,16.872009719999998,17.30052952,16.59931418,16.72643262,16.48478286,17.135693879999998,16.81676307,15.69876475,16.166997730000002,16.1540644,15.62126678,14.82096748,17.23019463,15.96199756,16.13754805,16.19900292,16.54738924,16.4943462,16.26662026,15.71002642,17.32667955,15.79501265,14.480740529999999,16.05372673,15.96294878,15.76841741,16.77473311,16.55331193,16.70814942,16.811722120000002,16.40561374,14.2295593,14.09096982,13.3224141,17.07523987,16.340636710000002,16.30187215,16.77446525,16.795120269999998,15.836692,17.33528311,16.61220096,15.90295428,15.30439051,15.16312653,15.75314207,15.08383163,17.333812390000002,16.95547606,17.6149093,16.90339086,17.43641389,18.41934061,18.644534219999997,18.53272935,18.2484462,17.95609416,16.96887636,17.09192212,17.68049515,18.379177969999997,18.56827205,18.93457755,19.279685949999998,19.011606670000003,18.07079031,18.49712225,18.359742420000003,17.42526796,18.70177709,18.28023048,19.17837993,18.839657829999997,21.06183025,19.4475087,19.665224239999997,20.39725996,19.63974597,19.3260323,19.45090704,18.246437760000003,17.227838,17.591547329999997,17.84419552,16.273867550000002,14.99724891,17.441299559999997,27.29431105,23.28821379,19.480924469999998,19.98842694,18.41807559,18.1006025,19.552670550000002,21.54148583,26.41103752,29.59365484,34.74096407,34.25920292,29.84670489,28.35495345,24.93452689,24.365845649999997,25.25289345,21.82245604,22.59382543,26.1340394,26.644527710000002,24.41492329,24.69134522,22.6450262,23.71714219,23.59890004,22.515203109999998,21.16940708,21.881545539999998,24.03945703,23.36579545,24.58134243,26.24596445,26.34573516,25.03718593,23.03914786,29.90203296,28.576334550000002
50 Mato Grosso do Sul,5.377392110000001,7.002472610000001,8.42393319,8.79748768,9.770421800000001,10.90539218,10.249299820000001,9.67155345,10.21851105,9.54792355,9.450010189999999,8.36570979,10.033643710000002,10.7462631,10.849523029999999,10.90284813,11.991649259999999,12.05025966,12.17495098,11.17847001,11.99777592,11.68653315,10.75618843,10.565385710000001,12.14843258,11.270972800000001,11.9476935,11.435565539999999,12.39254152,12.441459980000001,12.02531784,12.353546779999999,12.38179258,12.34024731,12.46769391,12.35693032,11.20900855,9.65667702,13.69883679,12.7378647,12.73847458,12.63304975,12.55940236,12.12909922,14.36143967,10.87450214,13.06991491,13.38962718,11.336531769999999,10.65180708,12.1808017,12.31734621,12.44393358,13.2654235,13.279583970000001,13.66277857,14.377772859999999,12.47085774,13.31361074,13.2774047,12.94692906,13.6081143,13.164501210000001,12.609170800000001,14.260317310000001,14.09375927,15.85736844,14.90208106,14.29386454,15.00264855,13.96663766,13.671203550000001,14.17898887,14.71259452,14.30108967,13.93598051,14.947928019999999,14.0314964,14.515549980000001,15.58913554,14.77820002,14.56981314,14.35088734,14.176127300000001,14.477250539999998,15.58196371,16.40582687,14.37822839,16.95349049,16.14220157,15.74454646,15.74453043,16.350747050000003,15.20135063,14.59699867,14.83849141,16.24506473,15.79096276,16.038560099999998,15.78265852,15.83393983,15.63479695,16.13131092,16.65835976,16.11569441,15.53229735,15.44485993,15.7685419,16.0101629,14.83374968,17.13937975,14.9839404,16.984929809999997,15.67684315,16.95611878,17.04306932,17.477126809999998,15.48815575,16.59670372,15.35399767,16.32062925,18.44805383,16.62032136,16.68202702,17.55583283,17.3577802,17.09087679,16.46825595,17.3958585,16.259261130000002,16.39007524,15.35089392,17.10871902,17.71381057,16.88269096,18.25387027,17.77845845,18.38782248,19.8709332,18.913862690000002,19.59138384,18.93543709,17.23068881,17.89524476,18.11513464,19.54243988,19.03278573,17.41026253,17.91316192,17.363192429999998,18.858844440000002,19.87708068,19.247894510000002,19.050984600000003,21.18982313,19.78298479,22.018537809999998,25.32695713,26.27323601,27.778969309999997,28.963920870000003,34.52666472,31.98474511,36.71334308,33.14037178,23.99633439,24.34325772,22.00305987,22.022167510000003,24.12818359,24.661147460000002,21.750040920000004,19.048954390000002,25.84640289,24.64194071,25.44300191,25.387432739999998,24.43753572,24.19820365,24.26753121,25.18375255,24.50890044,27.00724829,26.833537850000003,26.97394311,26.35422147,26.4907367,27.25042475
22 Piauí,7.98514243,10.07992825,10.298372449999999,10.77597633,10.39836088,10.528253880000001,11.04010792,10.5491764,10.89919897,11.71594338,10.369913550000001,10.68458712,10.44828635,10.61767035,11.40129972,12.42858939,13.09656166,13.372660400000001,13.31045249,12.16890403,12.247027289999998,11.74494602,12.19605005,13.45952306,13.377545880000001,12.02608781,13.110928869999999,13.02782792,13.209892570000001,12.46334778,12.218924470000001,12.104581529999999,11.79430449,11.74056952,12.372469689999999,11.42176677,11.95475085,11.21958472,13.07076719,13.14348515,12.88936042,12.03350893,12.727802039999998,12.13245319,12.337823570000001,12.121361960000002,12.13972975,12.47791521,12.619535410000001,11.395160859999999,12.73732175,12.142250279999999,13.129897869999999,12.59449858,13.1287529,13.21340987,13.14978765,12.6137481,12.91633276,10.35931384,13.90281056,12.27315458,13.51876619,14.17181916,14.8378958,14.39140733,15.47540615,14.56344464,13.31303517,13.69902082,13.47508218,12.20386656,13.925397460000001,12.972098710000001,13.75116519,13.91253625,14.205768410000001,13.57961382,13.04644588,14.59299193,14.776732769999999,13.960878050000002,13.4632693,12.61556841,13.35873891,13.78563294,14.58472264,14.32294219,15.013200789999999,14.45483259,14.398152470000001,15.15022933,14.2562132,15.7141473,15.08490143,14.73347207,15.57156511,14.36350472,15.880991439999999,15.89274574,15.943858050000001,16.258706619999998,16.4659692,16.22860743,15.54984619,15.73637368,15.39153431,15.39378912,15.10786839,14.79024686,15.34122032,15.269541960000002,16.09956415,16.03048708,15.38937173,16.00848548,15.958946189999999,15.596652449999999,14.96337052,16.04886485,15.72750493,15.54151892,16.40825761,16.45525704,16.64695486,16.33050719,16.39371719,17.055960690000003,16.15245268,16.30548004,15.86915606,17.04731175,15.88251783,15.43345288,16.189802789999998,17.051416579999998,17.792232,17.26300456,17.460423289999998,18.0869492,17.769414469999997,18.500751190000003,17.74831251,17.64183723,16.22947338,16.85133411,14.56825423,12.224393970000001,13.182211,15.282065699999999,19.908573269999998,25.66353749,20.23078272,22.39089685,18.915102190000002,20.888691039999998,22.69455818,20.989694739999997,21.62063814,27.410286550000002,30.17370638,31.1359714,29.45146079,28.95429601,23.195247300000002,20.88000659,22.89029559,22.55525091,21.79108851,20.134802760000003,20.22912079,20.19205355,21.11158974,18.8278355,22.53211923,20.68135122,20.8536154,19.848979,19.66094257,20.94297215,22.038805710000002,19.36640511,22.74774986,20.13236989,22.614251890000002,22.87716177,22.94340852,21.3896314
51 Mato Grosso,4.79529901,8.684882230000001,7.8862431399999995,8.794109789999998,9.2316454,10.221763769999999,9.16331428,9.243148810000001,9.05235489,9.67709395,7.1503455,10.421826320000001,9.93939966,9.33254632,11.96550015,11.18501496,12.05815055,11.635436039999998,11.69883648,11.82323961,10.810420650000001,12.13063606,11.57409675,10.726251529999999,12.36476067,11.38213307,11.947040320000001,12.23321784,12.65642109,11.26340774,12.79526796,12.805173869999999,12.17171391,11.96145283,11.777799,11.14268427,11.70908086,11.14910781,12.38125567,12.391024300000002,11.57470766,11.44981818,12.06784781,9.8725676,12.34051127,12.15485801,12.73865919,11.617956359999999,10.19453496,11.0525318,12.697271259999999,12.82583644,12.43732625,13.81956873,12.861426869999999,13.38714516,13.10704691,12.08521568,12.76258375,12.38772152,12.315260039999998,12.14540621,13.1404563,12.884862960000001,12.87298373,14.08758276,12.6497978,14.13272709,13.040443400000001,12.55523229,13.69692761,13.23370501,12.20179159,12.981386140000001,13.290421349999999,14.13919801,13.62546123,13.88572963,14.60490036,14.81617913,14.011573310000001,13.16438384,14.56221815,13.41346525,13.106628970000001,13.76911533,14.16690947,14.411435710000001,14.59906275,15.156818099999999,15.40720737,14.79895473,15.11549263,14.54366517,14.61904599,14.220952140000001,14.76720136,13.71229888,15.44259016,15.1089193,15.651536519999999,15.80957422,15.578808890000001,15.68480291,15.5615192,15.50556473,15.31934926,13.805916369999998,14.03553759,14.149756349999999,14.89841706,15.584480769999999,16.651188349999998,15.50961484,16.37228119,16.2316827,16.044219390000002,16.14654289,15.48767602,14.77073199,17.25395009,14.78980116,17.49894687,16.27985274,16.10398877,15.88397751,17.16367303,15.56928517,15.630276460000001,15.83806468,14.815961130000002,13.85303499,14.22911336,15.28869879,16.04549992,15.89020895,16.09271667,16.69978069,16.31481122,16.76358132,15.60898284,15.85564123,15.823328539999999,15.03273751,15.2594365,15.06610666,14.90697308,12.56365561,13.63284878,13.215428529999999,16.83465098,19.70621932,20.74722233,22.72811029,20.69368621,19.97728664,19.48152885,19.065468579999997,24.29569828,31.09888885,31.97422598,33.33890905,39.215412560000004,38.96258402,29.28786045,27.91099639,21.57564212,20.34238697,20.83652525,22.478819190000003,20.63762941,18.59144673,20.39119089,18.61505304,17.71790059,20.29172591,20.60119284,20.76756922,20.468835809999998,19.8279522,18.165188609999998,20.21489732,22.42713295,21.40251967,23.338854670000003,24.56173953,23.50089266,20.56487502
27 Alagoas,6.24372632,8.37662216,8.40833622,9.090794820000001,9.33877145,10.06821008,9.88706161,9.373432,9.5635805,9.805242710000002,9.48367998,9.58727626,9.11830854,9.492457060000001,11.05001989,11.833838519999999,11.964555990000001,11.469923640000001,11.07310451,10.71771138,11.17085309,11.88431216,11.491215890000001,11.61980705,11.86727943,10.20710849,11.65386656,13.08870356,12.21889541,11.290459199999999,12.84241157,12.08546659,12.138067359999999,11.61489298,12.11599559,11.71405719,12.011224689999999,11.91881926,10.78078912,12.947105720000001,12.9513465,12.29521931,13.13489481,12.90374177,12.96740741,13.28822237,11.99946101,15.33086888,11.25805259,11.783526179999999,12.618040720000002,11.82151767,13.074948359999999,13.36293423,13.06546057,12.6602467,12.60899756,12.66386838,11.07876628,12.62409709,11.61865216,12.56317121,13.38756587,14.24435149,14.64083709,13.62792953,15.83428876,14.375114589999999,14.8586518,16.09149926,13.9084283,14.841404050000001,13.60987068,12.42202511,12.478218369999999,13.312077859999999,13.87246548,13.025539550000001,14.18820178,14.45114457,13.70914508,14.4643028,14.53779619,13.514366939999999,14.10663162,14.27543926,14.66835896,14.271782140000001,15.68804436,14.905770859999999,15.99206788,15.41607633,15.489051960000001,14.80052697,13.79384762,14.354103689999999,14.32767914,14.293807390000001,14.55465423,13.99975998,14.72460619,15.443908310000001,15.57395675,15.4755291,15.561671960000002,14.764824130000001,14.66962867,14.19253317,15.129171849999999,15.03845612,16.13053216,15.74317463,16.08657566,16.04287536,16.84612729,16.928567140000002,15.88645895,16.59693709,15.50826093,15.903174009999999,16.12715116,16.062136289999998,15.91332152,16.90121099,17.02642859,16.33990536,17.90897559,16.79381148,18.11958037,17.12614558,16.92535578,15.765092869999998,15.858616490000001,17.064476640000002,17.02782371,16.45851497,17.03996266,17.8027315,18.39992939,16.91552006,16.91379857,17.740071359999998,16.61075756,16.95448635,16.91320984,15.85734498,16.01426042,15.05721301,14.41143127,15.40687252,18.453860489999997,19.99528039,18.185986170000003,18.87151302,18.59737556,17.805273370000002,17.548566670000003,18.587484370000002,22.323051109999998,26.82628356,29.65147426,28.15567793,28.99516437,24.88089963,21.96412303,21.94582428,18.45755635,17.5442979,17.154122219999998,17.091070339999998,17.76289727,16.64836022,16.99061279,15.77372544,17.58169563,18.631249320000002,18.35669989,18.639272920000003,18.59383631,18.384394190000002,18.430435850000002,15.79478535,17.969560859999998,16.18614847,18.38507361,19.08860835,20.051610989999997,12.73963466
13 Amazonas,4.73552942,7.11899057,8.19663549,8.259378419999999,7.8313999,8.47727362,9.36885872,9.3525327,9.363099349999999,8.61831883,6.5555490800000005,7.77764588,7.403068360000001,6.683346889999999,9.9277812,8.84451121,9.07903596,8.832894529999999,9.37339597,9.57832603,9.730634160000001,9.17925265,8.314648929999999,9.050439390000001,9.41946086,8.68017857,9.168055410000001,9.897901800000001,9.65136237,10.85459947,10.41712289,8.718347130000001,8.22159212,9.61397703,9.92757441,9.470661210000001,9.73675091,8.745259800000001,9.38011236,10.17934229,11.06189222,10.21142603,12.123214390000001,9.5597691,10.08288291,9.97193486,9.28003803,11.31044823,10.3524394,10.90258374,10.336630289999999,9.89109807,10.95525677,10.61425672,11.28020614,10.11547376,10.60606415,10.48898962,10.04256152,8.86403868,10.73944651,9.684212550000002,10.130504539999999,11.39181528,10.5685143,11.145486179999999,10.69837556,11.87303673,11.04789723,11.29197145,10.409535589999999,10.075788880000001,10.85439927,8.53024221,9.541806560000001,8.92636537,11.5733354,10.115769720000001,9.843473490000001,9.94087563,11.02206233,10.881666130000001,10.59683132,10.073869109999999,11.65386855,12.07453023,11.59914427,12.59249233,12.78546737,13.41460097,14.294033220000001,12.54672734,12.99651249,13.03523322,12.94924884,11.33688023,10.92031802,11.91847084,13.02392619,12.1552731,13.51925214,13.07679334,12.605307289999999,13.67015749,13.65965119,11.11591516,10.975042210000002,11.17213072,12.819877210000001,10.99982834,14.05041275,12.45051595,14.58555251,12.78963785,14.37699041,14.24007126,13.59464725,14.58428895,13.15872461,13.16966032,13.572263029999998,13.0830817,14.32230522,14.64334051,14.63220809,14.50052114,14.84053342,14.42762091,15.81896425,16.35846257,15.39116374,14.15436285,16.791397309999997,14.36998743,16.33902496,15.622910630000002,16.48316692,15.42224328,15.96198804,15.787896779999999,16.51544167,15.78884891,15.78468614,14.38860682,16.06345073,14.9399772,15.10705674,13.540590640000001,19.70302518,21.13487424,19.769752760000003,18.06958718,17.85222173,16.4191607,19.90382177,17.79452856,21.62169726,26.90341308,26.59826221,22.733131,25.88286187,26.20008942,24.06633732,22.72045082,21.12060903,16.90129005,18.37195243,17.783646649999998,15.5342035,18.21741079,19.742224739999997,18.984786739999997,20.497811600000002,16.09660199,21.996502399999997,20.89067733,23.22047951,19.801969839999998,20.549906879999998,22.17448271,20.582882100000003,16.59281825,21.62675785,19.48146577,21.612305850000002,21.63396664,24.123329390000002,23.61516103
28 Sergipe,2.78075011,3.67648316,5.05147361,5.046063360000001,4.74115156,5.40125963,5.52190444,5.2383985,5.1879121900000005,4.5840687,4.09678686,4.1126201600000005,4.08755491,4.06613768,5.34774685,5.864474019999999,6.6731132,5.60832433,5.8058688,5.75198648,6.3416010599999995,5.87220667,6.41761233,5.90181149,5.89119529,5.11003654,5.57352584,7.52676219,8.000159570000001,5.73061366,7.08624447,7.4238254800000005,6.82425436,6.37926917,7.25038404,5.72476961,7.15957271,5.75733871,7.038966360000001,6.67890921,6.4444238,5.74388841,6.8380130999999995,7.35310785,6.479016809999999,7.17174835,5.92969629,6.22899225,6.65614367,6.03749441,7.25923857,7.96946113,6.89584845,7.61878842,7.232613440000001,7.433346820000001,6.74000746,6.90514437,6.5440057000000005,5.9081227599999995,6.30134438,7.08012324,8.27166802,8.462593980000001,7.7417467,6.15409313,8.083772830000001,7.2675732,6.94952359,6.67877108,6.58636806,6.43947968,6.47714865,6.94587251,6.83656227,6.78746129,7.15513038,7.34352874,7.23013887,6.36274971,7.5049064,7.4258649000000005,7.17154146,6.70817523,7.53297925,6.75544098,7.47815376,8.097711610000001,8.30857663,7.828944900000001,8.877007240000001,9.12989218,8.69241703,8.77132327,8.05254655,7.14133677,7.92069754,7.36458754,8.45829632,9.07516455,9.4274247,8.29475844,10.003202009999999,16.00393399,5.75194644,6.19996279,6.644582059999999,7.11870808,7.72020982,7.54177526,7.74942192,7.76704651,9.047436869999999,8.44103971,8.29170297,9.55248643,8.87082575,9.17843179,7.96780282,7.6789258,8.07763445,7.3743497,8.37527936,9.0206466,9.7106914,8.0257805,9.76611415,10.19844473,9.1217147,10.09759001,9.139082279999998,8.40517891,9.870763460000001,9.57771359,9.74580583,10.18391027,11.014405779999999,9.39745252,9.931458039999999,9.62818403,10.011078869999999,10.46402639,9.19945313,8.46341172,9.69124143,9.32563163,8.09346551,8.58915491,8.02692931,8.0579351,10.31326256,11.40464648,10.741986599999999,12.27830058,12.26460905,11.454427820000001,12.0608647,13.22609948,13.50702371,14.92872185,17.724664129999997,19.6334731,18.89409784,14.56679583,12.14459336,13.67414576,13.196612550000001,12.192071380000002,11.12307239,12.875388789999999,12.271164599999999,11.937352310000001,12.96453618,11.67793085,14.051490560000001,13.529224619999999,12.646333,14.97579589,13.57327642,12.76442316,14.00989206,12.48427163,14.71927689,13.52088234,15.764165779999999,14.61151398,15.146271310000001,15.94451274
11 Rondônia,1.3885283899999998,2.9312834199999998,1.54168252,1.52531496,1.64595384,1.4061506799999999,3.06527901,3.23149461,3.1171786299999997,3.0684304399999998,2.82583852,2.9311735800000003,2.8852690699999997,2.86010374,3.68494468,3.60728968,3.7743566,3.7067118399999996,3.7631875499999996,3.53362583,3.60500743,3.90703272,3.93982071,3.9010841099999998,3.68440702,3.62301558,3.8904619,4.19353387,4.53440067,4.45120803,4.87459278,4.46080238,5.06788624,4.51109285,4.3946805,4.0987418,4.411499480000001,3.86861795,4.29870278,5.0621712599999995,4.769347860000001,4.5781056,4.47787009,5.17345351,5.554791509999999,4.11017787,4.42856132,3.53433712,4.01578156,4.42678859,4.87336426,4.51610332,4.61926768,5.226741110000001,4.75632723,4.11253056,4.02351411,3.86613834,3.54351905,3.20118318,4.07204377,4.5349847,5.229512339999999,5.66008357,5.68121093,5.07691842,5.623854809999999,5.92835934,6.01975408,6.05036846,6.42282125,6.17260514,5.7733355,6.22946154,6.5363361200000005,6.611751559999999,7.12261434,7.207965809999999,6.72504104,7.22020927,6.81465005,5.93182436,6.17962672,6.74302043,7.27809089,6.6193528399999995,7.13126361,6.945021280000001,7.8689532,7.54659711,8.73848455,6.75655476,7.44363194,6.964209530000001,6.31006208,6.5612217699999995,7.73522422,7.99595506,7.18916544,7.95681212,7.55131349,7.93061083,8.13370536,8.15048659,8.02262709,7.2803872400000005,7.04716657,6.9618848700000004,7.82005709,6.801952610000001,7.825186400000001,8.706448060000001,7.70073062,7.94829163,8.43807745,7.65664483,8.04774298,8.65720623,8.15089368,7.50784513,7.99834594,8.89368369,8.86779332,8.8714085,8.50160167,8.315107809999999,8.525499779999999,9.177611460000001,7.36899638,8.835095429999999,8.32818664,8.40851277,9.351705820000001,8.14300797,8.94974177,9.63055315,9.58197031,7.89111405,9.79237067,9.17078753,8.81684671,10.02455415,9.6754237,8.08502566,9.222010599999999,7.4939013,8.14816946,7.35376837,7.73986447,9.30860123,11.95448994,11.887993849999999,10.32828019,8.06802457,9.48645048,9.02006264,9.86159232,9.81234048,14.95339113,15.563729109999999,16.49219614,15.57290151,14.74274737,13.05473277,12.11539439,9.768041539999999,11.09842477,11.21005547,11.09474621,12.43184165,12.174377230000001,11.12189906,10.347874990000001,8.67126199,9.86447165,9.145590720000001,10.29295839,9.16054291,9.324183869999999,11.13518734,10.2638368,8.631726789999998,11.215317619999999,10.446754929999999,13.74643823,11.21183038,10.99185034,11.86133649
17 Tocantins,3.44159269,4.98568885,6.205612599999999,4.98448209,5.51100246,4.92793422,5.44560228,5.4137103799999995,5.5966695,4.6584140099999995,5.2524518,5.5234437000000005,5.79165663,5.81438889,6.27399459,6.76280693,6.57571857,6.4233934,6.34923185,6.4905195,6.542918139999999,6.42005863,6.1494918,6.075178190000001,6.41131284,6.403262509999999,6.69884055,6.90535441,6.864576469999999,6.8768119400000005,6.73222434,7.110923,6.64414562,6.86192056,6.553013610000001,6.45064782,6.69504917,6.73595007,7.28511646,7.07760027,7.276517849999999,7.20451582,7.1110685700000005,6.39884669,6.67188521,6.66867499,6.81800756,7.326766190000001,7.34998138,6.9066665,8.295260110000001,7.40453357,7.39494864,7.87991682,7.27032659,7.56821184,7.01148883,6.80171891,6.21648298,6.43505537,6.43796496,7.9183512,7.74592988,7.603624900000001,7.98525631,8.30969973,6.97542496,7.45074084,7.0791910300000005,7.95408113,6.80446416,6.860885769999999,7.45051849,7.54383951,7.386177849999999,7.106540440000001,7.226788089999999,7.00893676,7.123445530000001,8.01054213,7.94721721,8.05833355,7.49862381,6.0753096,7.01770411,6.60734996,6.59863799,7.19731263,6.16374083,7.27537004,6.98792176,6.24332096,5.831094190000001,6.27167032,6.46427387,5.56911504,5.45264699,7.002099240000001,7.5267819000000005,6.71488759,6.7753917,6.23705769,6.75714354,6.76650109,6.34384741,5.564377889999999,6.64765104,6.24573572,6.0411731699999995,6.18537991,7.0664564400000005,5.72229145,7.01703558,6.39270838,5.83707254,6.6083016,6.15570119,5.10408976,5.44116274,5.200789019999999,5.3413530300000005,5.36168448,5.91306101,4.61737868,4.662238240000001,5.664149360000001,5.32890925,5.47366663,5.15249073,5.27235592,4.87371559,5.32109108,5.791079679999999,5.8814396900000006,6.59325841,6.6844015,7.14380613,6.1365282599999995,7.11811828,7.60763998,8.49816291,7.18183426,6.46713292,7.2107310899999995,8.0980815,7.02459922,7.210345190000001,6.39119366,6.70856019,7.43903933,9.161017130000001,8.39346298,8.736822570000001,7.77146808,8.87856715,7.07268676,7.30221147,9.87915235,10.700770910000001,9.3656329,9.51127451,11.26276861,10.15917466,10.13660855,11.170484720000001,11.83352268,9.26770051,8.635144539999999,8.727670029999999,8.42618156,7.720673400000001,8.47802184,8.686205220000002,8.256949650000001,8.3796433,7.680376269999999,7.98746733,8.35331315,7.626080610000001,8.83343867,8.964170919999999,8.53079943,8.612441630000001,9.961575810000001,11.4227304,9.16646937,0.47372774,0.72157985
12 Acre,0.902416,1.49720626,1.79402848,1.73046942,1.8194439199999999,1.828496,2.51175459,2.08910714,2.2757085299999997,1.92388657,1.7569868,2.23563998,2.49711643,2.25355801,2.12267392,2.83431762,2.72206597,2.43283195,2.63019065,2.307579,,2.82647702,2.17079118,2.54152644,2.49104233,1.9544739,2.38999638,2.6548786,2.84408521,2.33620719,2.12514306,2.4302936699999997,2.37773844,2.18474684,2.4684529,2.51628454,3.05137008,2.62910442,2.48545179,2.68536147,2.72363656,2.70346522,3.13618038,2.77905681,2.84378704,2.67833312,2.99535062,2.7989611,2.47751655,2.02066445,2.8910042000000002,2.9171891800000003,2.8565597400000002,2.9725263199999996,2.64256157,3.09296463,2.3050539,3.02373228,3.0770006800000003,2.65259999,2.6299268199999997,3.0427568799999998,2.9389618399999997,3.07819121,2.69095541,2.4843809,2.69548986,2.85863212,2.74784531,2.7870963300000002,2.833968,2.81768919,3.4010427200000004,2.72731478,2.87628212,2.99778518,3.04804952,2.84211036,3.18671281,3.06164448,3.00849643,3.16218627,3.18505444,2.54264125,3.37521714,3.0245051600000004,3.10297542,3.0809468,3.0659702799999997,3.17907668,2.84901125,3.23844807,3.27977927,3.01049538,3.05420554,3.00138794,3.04920863,3.3517924199999998,3.1183392999999997,3.37812143,3.16850368,3.91615176,3.83702005,3.6590742200000004,3.54003567,3.184932,3.0192237299999998,3.26474669,2.8210878900000003,3.3615758,3.08044499,2.79250542,3.26865185,2.39751285,2.34876,3.1391554100000003,2.76506292,4.54008478,4.12022896,2.6104545499999996,3.57659519,2.44456737,2.6024343500000002,3.06416342,2.2762366899999997,3.2394741000000002,3.12642988,2.99886551,2.61970986,3.01804894,3.34261424,2.1234262599999996,2.66465452,1.90642995,3.09643963,2.411628,2.84063058,3.26015359,3.25072284,3.2049988799999998,3.05274565,3.12480229,3.02152175,2.87487128,3.3318035499999996,3.41769107,3.0760032,2.2866426,2.8963402400000002,3.0452458,3.9151932,3.64014282,3.39124221,4.04432144,3.2765901,3.69699731,3.7157231200000003,3.5384279199999997,4.07704592,6.30761667,6.35451415,3.46166311,4.9792393,4.13875164,4.26001706,3.82856634,2.8896544700000004,3.13824558,3.5473618399999998,3.42433776,3.58482497,3.7918982000000003,4.52368748,2.97806237,2.80261238,3.7933169700000002,3.3102932999999997,3.5115870499999997,4.11098551,3.9990239,3.49241089,4.261938150000001,4.92748249,4.7011825400000005,4.84500675,5.124899,5.69279393,4.56128178
14 Roraima,0.6578895300000001,0.77793931,0.71868803,0.83999439,0.8623479599999999,0.83244066,0.99669309,0.89427118,0.9104241700000001,1.19177032,1.05621871,1.24433925,1.08567925,0.96952854,1.3932267,1.27373417,1.5526385,1.49058774,1.5967518,1.84899868,1.70161125,1.1647111799999998,1.4348091699999999,1.6038172800000001,1.4373408,1.33209401,1.90051375,1.93387549,1.77395829,1.80472973,1.84663932,1.64351823,1.8431632900000001,1.8078851699999998,1.6748716499999998,1.25099928,1.25727543,1.17104572,1.3896686699999998,1.34486594,1.06765862,1.26367205,1.3320599,1.5788027199999999,1.68065408,1.44274411,1.6502041200000002,1.92996001,1.45496771,1.8513819299999998,2.03327063,2.01356674,2.1354337200000004,1.88138884,1.70058476,1.90073772,1.6756033799999999,1.4598149299999998,1.60643371,1.56672397,1.56076691,1.57295906,1.8724933899999998,1.84943484,1.9062447,2.0465274,2.23011506,1.98786323,1.69203287,1.74913123,1.62375192,1.4495734,1.7992543300000001,1.6731386499999998,1.70751482,1.5096677,1.74645027,1.56815288,1.7632256899999998,1.80892995,1.63320533,1.6266049599999999,1.78428811,1.13751958,1.78251089,2.2427191800000004,1.8274445,2.2565109100000003,1.85954142,1.5506437800000001,1.96838899,2.6139841699999997,2.34270966,2.18629171,2.04667801,1.87906344,1.76801064,1.7618731200000002,1.9758972,2.63130915,2.40552072,2.4871647599999998,3.10415309,2.7173416699999997,2.6678422200000003,2.75629947,2.47859027,2.37980556,2.33125021,2.3282219100000003,2.52474405,2.63757982,2.51063479,2.7556202400000003,2.8781776,2.9219783599999998,2.79408079,2.5122595,2.50851418,2.6352874500000003,2.91419521,2.88128113,2.74042351,2.69548462,2.6138954300000004,3.02071884,2.8605842200000002,2.7400880099999996,2.68910341,2.98502923,2.7718812,2.93876932,2.52788858,2.58764241,1.92344017,2.4224461699999997,2.4954910299999997,2.8512916699999997,3.1375374,3.7881547999999996,3.2172186099999998,3.11394014,3.1579776699999997,3.09711321,3.0598237999999998,2.91251998,2.9373464300000003,2.86882096,2.75222826,3.4018642900000002,3.0154883,2.8264861800000003,2.92804391,3.09031373,3.62103105,3.45446094,3.2669284700000003,3.51977373,4.4371611,5.17137092,4.2662549400000005,3.10397988,3.74333065,3.78192116,3.15083505,3.1855515299999997,3.0227814100000003,3.12922529,3.02445461,3.09721189,3.32859791,3.72035738,4.05789101,0.49735998,3.45482685,4.5950400899999995,4.79858489,4.4013066,4.17326549,4.41603067,4.48675639,3.88737646,4.597297190000001,4.45628966,4.43504277,3.81736158,3.40221096,4.2365268899999995
16 Amapá,1.1209733400000002,1.26874033,0.97465124,1.1411373200000001,0.8663461800000001,1.4409789499999999,1.42665948,1.47555138,1.65134143,1.86674858,1.42613818,1.69661453,1.66589554,1.71994,1.75032177,2.0527051899999997,1.9158035500000001,1.78758754,1.76366503,1.74653899,2.03432978,1.83972326,1.88222129,1.71294871,1.84915717,1.60524604,1.5257523700000002,1.5728093600000002,1.6533048600000002,1.68530378,1.77360415,1.66252264,1.81134665,1.65429456,1.95855554,1.98457956,1.92871667,1.7254585,1.70304074,1.84925415,1.8777647,1.82441377,1.9587483300000001,1.6488201999999998,2.00860715,1.73537153,1.7652323300000001,1.98462225,1.73193433,1.7366022700000001,1.8774274,1.81021583,1.93488949,1.94012706,2.06522589,1.997713,2.0290735300000002,2.00349209,2.08652425,1.98470105,1.87332452,1.69903194,1.77209819,2.05226055,2.1059542999999996,2.31279529,2.16744271,2.08717635,2.01731199,1.96647653,2.0671279399999998,1.98043755,1.9309909299999999,1.8734690600000001,1.8059523100000001,1.99213063,2.2742125499999997,1.63503456,2.2403762599999997,2.12826935,1.93132411,1.96392738,1.79174472,1.7868308899999998,1.6097674199999998,1.4410436299999998,1.7024933899999999,1.83747082,1.9019511599999999,2.04856482,1.90564181,1.8339306899999999,2.10487414,1.9830428500000001,1.87108338,1.81328156,1.71479555,1.56954374,1.66855578,1.75383947,1.89743754,2.00394553,2.09413846,1.9492599499999999,1.88054113,1.75163491,1.77929066,1.85398934,1.87557906,1.7993701000000002,1.66535648,1.7025937,1.89778714,2.05082429,1.8814065500000001,1.94017473,1.92315003,2.0367879099999997,1.8767314199999998,1.71685556,1.83614963,1.95482332,1.88255332,1.78103449,1.8215674199999998,2.12041272,1.9109680900000001,2.4535554,2.65228329,2.6371613199999997,2.13914193,2.65430454,2.5498056,2.29412619,2.51104132,2.74681721,2.64890475,2.11709807,2.3887044900000003,2.90519027,2.14555783,2.45594745,2.31051438,2.29669942,2.33382265,2.31019565,1.84247254,1.7058736399999999,2.06505535,2.00991257,3.2533994500000003,2.94639844,2.41601923,2.2037320400000002,2.21853226,2.5669196000000003,2.80780785,2.82255917,3.19251569,3.62206204,4.388127809999999,3.96712898,5.2153338,5.2693291900000006,5.03669791,3.99147065,2.70812908,2.54397796,3.04778584,2.99903743,2.66522792,3.0187142799999998,2.90150247,2.98647021,2.96522779,3.20339522,2.74753317,3.2849500099999998,2.7720761499999997,3.33980363,3.41681467,2.96123008,4.18112531,4.0878118500000005,6.32722814,3.4979282599999997,5.812495719999999,3.50366651
